{
    "loss": 1.0629185438156128,
    "accuracy": 0.6331725716590881
}