{
    "loss": 1.1175817251205444,
    "accuracy": 0.6229903697967529
}