{
    "loss": 1.048799991607666,
    "accuracy": 0.5723472833633423
}