{
    "loss": 1.9145238399505615,
    "accuracy": 0.6404072642326355
}